{
  "_fv": 66,
  "_type": "config",
  "definition": {
    "pools": [
      {
        "category": "Custom Dimensions Config",
        "entries": [
          {
            "item": {
              "value": ""
            },
            "silkTouchMode": 5,
            "block": {
              "value": ""
            },
            "logicField": 0,
            "numberField": 0.0,
            "textDefault": "",
            "comment": "",
            "vardisplay": "dimensions_settings",
            "varname": "dimensions_settings",
            "enablecomment": false,
            "stringlist": [
              "[min]0[minEnd][max]75[maxEnd]minecraft:overworld",
              "[min]50[minEnd][max]100[maxEnd]minecraft:the_nether",
              "[min]100[minEnd][max]200[maxEnd]minecraft:the_end",
              "[min]20[minEnd][max]50[maxEnd]the_bumblezone:the_bumblezone",
              "[min]5[minEnd][max]10[maxEnd]twilightforest:twilight_forest"
            ]
          }
        ]
      }
    ],
    "file": "AscendantMobs/config_dims",
    "configType": 0
  }
}