{
  "_fv": 66,
  "_type": "config",
  "definition": {
    "pools": [
      {
        "category": "Custom Dimensions Config",
        "entries": [
          {
            "item": {
              "value": ""
            },
            "silkTouchMode": 5,
            "block": {
              "value": ""
            },
            "logicField": 0,
            "numberField": 0.0,
            "textDefault": "",
            "comment": "(min/max/dimensionName) Make sure levels are written in 3 digits, e.g. (005/010/twilightforest:twilight_forest) in this example, you will limit the spawning level for the twilight forest to level 5 and level 10.",
            "vardisplay": "dimensions_settings",
            "varname": "dimensions_settings",
            "enablecomment": true,
            "stringlist": [
              "000/075/minecraft:overworld",
              "050/100/minecraft:the_nether",
              "100/200/minecraft:the_end",
              "020/050/the_bumblezone:the_bumblezone",
              "005/010/twilightforest:twilight_forest"
            ]
          }
        ]
      }
    ],
    "file": "AscendantMobs/config_dims",
    "configType": 0
  }
}