{
  "_fv": 66,
  "_type": "command",
  "definition": {
    "commandName": "getbestdistance",
    "type": "STANDARD",
    "permissionLevel": "No requirement",
    "argsxml": "<xml xmlns=\"https://developers.google.com/blockly/xml\"><block type=\"args_start\" deletable=\"false\" x=\"40\" y=\"40\"><next><block type=\"number_default\"><field name=\"name\">level</field><statement name=\"args\"><block type=\"call_procedure\"><field name=\"procedure\">GetBestSpawnParamCmd</field></block></statement></block></next></block></xml>"
  }
}