{
  "_fv": 66,
  "_type": "config",
  "definition": {
    "pools": [
      {
        "category": "Distance Scale Settings",
        "entries": [
          {
            "item": {
              "value": ""
            },
            "silkTouchMode": 1,
            "block": {
              "value": ""
            },
            "logicField": 0,
            "numberField": 55000.0,
            "textDefault": "",
            "comment": "Recommended over 25 000",
            "vardisplay": "scale_distance",
            "varname": "scale_distance",
            "enablecomment": true,
            "stringlist": []
          },
          {
            "item": {
              "value": ""
            },
            "silkTouchMode": 2,
            "block": {
              "value": ""
            },
            "logicField": 0,
            "numberField": 0.0,
            "textDefault": "both",
            "comment": "The scale type can be 'vertical' , 'horizontal' , 'both', 'random' or 'MOTP'",
            "vardisplay": "scale_type",
            "varname": "scale_type",
            "enablecomment": true,
            "stringlist": []
          },
          {
            "item": {
              "value": ""
            },
            "silkTouchMode": 1,
            "block": {
              "value": ""
            },
            "logicField": 0,
            "numberField": 1.0,
            "textDefault": "",
            "comment": "",
            "vardisplay": "day_factor",
            "varname": "day_factor",
            "enablecomment": false,
            "stringlist": []
          }
        ]
      },
      {
        "category": "Mobs Levels Settings",
        "entries": [
          {
            "item": {
              "value": ""
            },
            "silkTouchMode": 1,
            "block": {
              "value": ""
            },
            "logicField": 0,
            "numberField": 0.0,
            "textDefault": "",
            "comment": "",
            "vardisplay": "base_level",
            "varname": "base_level",
            "enablecomment": false,
            "stringlist": []
          },
          {
            "item": {
              "value": ""
            },
            "silkTouchMode": 1,
            "block": {
              "value": ""
            },
            "logicField": 0,
            "numberField": 0.5,
            "textDefault": "",
            "comment": "",
            "vardisplay": "scale_factor",
            "varname": "scale_factor",
            "enablecomment": false,
            "stringlist": []
          },
          {
            "item": {
              "value": ""
            },
            "silkTouchMode": 0,
            "block": {
              "value": ""
            },
            "logicField": 0,
            "numberField": 0.0,
            "textDefault": "",
            "comment": "Mods after a cartain level get random buffs ",
            "vardisplay": "random_effects",
            "varname": "random_effects",
            "enablecomment": true,
            "stringlist": []
          },
          {
            "item": {
              "value": ""
            },
            "silkTouchMode": 1,
            "block": {
              "value": ""
            },
            "logicField": 0,
            "numberField": 25.0,
            "textDefault": "",
            "comment": "[1-200]",
            "vardisplay": "ascendant_effects_min_level",
            "varname": "random_effects_level",
            "enablecomment": true,
            "stringlist": []
          },
          {
            "item": {
              "value": ""
            },
            "silkTouchMode": 1,
            "block": {
              "value": ""
            },
            "logicField": 0,
            "numberField": 0.5,
            "textDefault": "",
            "comment": "[1-100]",
            "vardisplay": "ascendant_effects_chance",
            "varname": "random_effects_chance",
            "enablecomment": true,
            "stringlist": []
          },
          {
            "item": {
              "value": ""
            },
            "silkTouchMode": 2,
            "block": {
              "value": ""
            },
            "logicField": 0,
            "numberField": 0.0,
            "textDefault": "minecraft:chests/end_city_treasure",
            "comment": "",
            "vardisplay": "ascendant_loot_table",
            "varname": "ascendant_loot_table",
            "enablecomment": false,
            "stringlist": []
          }
        ]
      },
      {
        "category": "Ingame Overlay Settings",
        "entries": [
          {
            "item": {
              "value": ""
            },
            "silkTouchMode": 0,
            "block": {
              "value": ""
            },
            "logicField": 0,
            "numberField": 0.0,
            "textDefault": "",
            "comment": "",
            "vardisplay": "display_lvl_name",
            "varname": "display_lvl_name",
            "enablecomment": false,
            "stringlist": []
          }
        ]
      },
      {
        "category": "Scale Factors",
        "entries": [
          {
            "item": {
              "value": ""
            },
            "silkTouchMode": 1,
            "block": {
              "value": ""
            },
            "logicField": 0,
            "numberField": 5.0,
            "textDefault": "",
            "comment": "",
            "vardisplay": "health_modifier",
            "varname": "health_modifier",
            "enablecomment": false,
            "stringlist": []
          },
          {
            "item": {
              "value": ""
            },
            "silkTouchMode": 1,
            "block": {
              "value": ""
            },
            "logicField": 0,
            "numberField": 5.0,
            "textDefault": "",
            "comment": "",
            "vardisplay": "damage_modifier",
            "varname": "damage_modifier",
            "enablecomment": false,
            "stringlist": []
          },
          {
            "item": {
              "value": ""
            },
            "silkTouchMode": 1,
            "block": {
              "value": ""
            },
            "logicField": 0,
            "numberField": 5.0,
            "textDefault": "",
            "comment": "",
            "vardisplay": "xp_modfier",
            "varname": "xp_modfier",
            "enablecomment": false,
            "stringlist": []
          },
          {
            "item": {
              "value": ""
            },
            "silkTouchMode": 5,
            "block": {
              "value": ""
            },
            "logicField": 0,
            "numberField": 0.0,
            "textDefault": "",
            "comment": "",
            "vardisplay": "scaling_factors",
            "varname": "scaling_factors",
            "enablecomment": false,
            "stringlist": [
              "[base]1[baseEnd][modifier]0.3[modifierEnd][max]30[maxEnd][cmd]attribute @s minecraft:generic.armor base set {value}"
            ]
          }
        ]
      }
    ],
    "file": "AscendantMobs/main_config",
    "configType": 0
  }
}