{
  "_fv": 66,
  "_type": "config",
  "definition": {
    "pools": [
      {
        "category": "Blacklist",
        "entries": [
          {
            "item": {
              "value": ""
            },
            "silkTouchMode": 5,
            "block": {
              "value": ""
            },
            "logicField": 0,
            "numberField": 0.0,
            "textDefault": "",
            "comment": "write the registry name of the entities",
            "vardisplay": "banned",
            "varname": "banned",
            "enablecomment": true,
            "stringlist": [
              ""
            ]
          },
          {
            "item": {
              "value": ""
            },
            "silkTouchMode": 5,
            "block": {
              "value": ""
            },
            "logicField": 0,
            "numberField": 0.0,
            "textDefault": "",
            "comment": "",
            "vardisplay": "death_messages",
            "varname": "death_messages",
            "enablecomment": false,
            "stringlist": []
          },
          {
            "item": {
              "value": ""
            },
            "silkTouchMode": 5,
            "block": {
              "value": ""
            },
            "logicField": 0,
            "numberField": 0.0,
            "textDefault": "",
            "comment": "please respect this format 'xxx/namespace:mobname' where xxx is the level writen in 3 digits for example '010/minecraft:zombie'",
            "vardisplay": "locked_mobs",
            "varname": "locked_mobs",
            "enablecomment": true,
            "stringlist": [
              "100/minecraft:ender_dragon",
              "150/minecraft:wither"
            ]
          },
          {
            "item": {
              "value": ""
            },
            "silkTouchMode": 5,
            "block": {
              "value": ""
            },
            "logicField": 0,
            "numberField": 0.0,
            "textDefault": "",
            "comment": "",
            "vardisplay": "can_be_ascendant",
            "varname": "can_be_ascendant",
            "enablecomment": false,
            "stringlist": [
              "minecraft:zombie",
              "minecraft:skeleton"
            ]
          }
        ]
      }
    ],
    "file": "AscendantMobs/list_config",
    "configType": 0
  }
}