{"stats":{"minecraft:picked_up":{"minecraft:gold_ingot":6,"minecraft:diamond_shovel":1,"minecraft:rotten_flesh":19},"minecraft:custom":{"minecraft:jump":105,"minecraft:time_since_rest":5562,"minecraft:leave_game":1,"minecraft:damage_dealt":7887,"minecraft:crouch_one_cm":47,"minecraft:sprint_one_cm":14729,"minecraft:play_time":5562,"minecraft:time_since_death":5562,"minecraft:walk_one_cm":5534,"minecraft:sneak_time":21,"minecraft:total_world_time":7491,"minecraft:mob_kills":2,"minecraft:damage_dealt_absorbed":241,"minecraft:drop":1,"minecraft:fly_one_cm":46566,"minecraft:damage_dealt_resisted":8917},"minecraft:used":{"minecraft:netherite_sword":92,"minecraft:zombie_spawn_egg":80},"minecraft:dropped":{"minecraft:rotten_flesh":2},"minecraft:killed":{"minecraft:zombie":2}},"DataVersion":3465}